-- MySQL Script generated by MySQL Workbench
-- Mon May 20 15:31:06 2024
-- Model: New Model    Version: 1.0
-- MySQL Workbench Forward Engineering

/*!40101 SET @OLD_CHARACTER_SET_CLIENT=@@CHARACTER_SET_CLIENT */;
/*!40101 SET @OLD_CHARACTER_SET_RESULTS=@@CHARACTER_SET_RESULTS */;
/*!40101 SET @OLD_COLLATION_CONNECTION=@@COLLATION_CONNECTION */;
/*!50503 SET NAMES utf8 */;
/*!40103 SET @OLD_TIME_ZONE=@@TIME_ZONE */;
/*!40103 SET TIME_ZONE='+00:00' */;
/*!40014 SET @OLD_UNIQUE_CHECKS=@@UNIQUE_CHECKS, UNIQUE_CHECKS=0 */;
/*!40014 SET @OLD_FOREIGN_KEY_CHECKS=@@FOREIGN_KEY_CHECKS, FOREIGN_KEY_CHECKS=0 */;
/*!40101 SET @OLD_SQL_MODE=@@SQL_MODE, SQL_MODE='NO_AUTO_VALUE_ON_ZERO' */;
/*!40111 SET @OLD_SQL_NOTES=@@SQL_NOTES, SQL_NOTES=0 */;

-- -----------------------------------------------------
-- Schema mydb
-- -----------------------------------------------------
-- -----------------------------------------------------
-- Schema attandance
-- -----------------------------------------------------
DROP SCHEMA IF EXISTS `attandance` ;

-- -----------------------------------------------------
-- Schema attandance
-- -----------------------------------------------------
CREATE SCHEMA IF NOT EXISTS `attandance` DEFAULT CHARACTER SET utf8mb4 COLLATE utf8mb4_0900_ai_ci ;
USE `attandance` ;

-- -----------------------------------------------------
-- Table `attandance`.`directions`
-- -----------------------------------------------------
DROP TABLE IF EXISTS `attandance`.`directions` ;

CREATE TABLE IF NOT EXISTS `attandance`.`directions` (
  `DirectionID` INT NOT NULL AUTO_INCREMENT,
  `Directions` VARCHAR(255) NOT NULL,
  PRIMARY KEY (`DirectionID`))
ENGINE = InnoDB
AUTO_INCREMENT = 9
DEFAULT CHARACTER SET = utf8mb3;

--
-- Dumping data for table `directions`
--

LOCK TABLES `attandance`.`directions` WRITE;
/*!40000 ALTER TABLE `attandance`.`directions` DISABLE KEYS */;
INSERT INTO `attandance`.`directions` VALUES (1,'09.03.01'),(2,'09.03.02'),(3,'09.03.03'),(4,'15.03.04'),(5,'27.03.03'),(6,'27.03.04'),(7,'09.03.00'),(8,'15.03.00');
/*!40000 ALTER TABLE `attandance`.`directions` ENABLE KEYS */;
UNLOCK TABLES;

-- -----------------------------------------------------
-- Table `attandance`.`groups`
-- -----------------------------------------------------
DROP TABLE IF EXISTS `attandance`.`groups` ;

CREATE TABLE IF NOT EXISTS `attandance`.`groups` (
  `GroupID` INT NOT NULL AUTO_INCREMENT,
  `Groups` VARCHAR(255) NOT NULL,
  `DirectionID` INT NOT NULL,
  `Year` INT NULL DEFAULT NULL,
  PRIMARY KEY (`GroupID`),
  INDEX `DirectionID` (`DirectionID` ASC) VISIBLE,
  CONSTRAINT `groups_ibfk_1`
    FOREIGN KEY (`DirectionID`)
    REFERENCES `attandance`.`directions` (`DirectionID`))
ENGINE = InnoDB
AUTO_INCREMENT = 27
DEFAULT CHARACTER SET = utf8mb3;


--
-- Dumping data for table `groups`
--

LOCK TABLES `attandance`.`groups` WRITE;
/*!40000 ALTER TABLE `attandance`.`groups` DISABLE KEYS */;
INSERT INTO `attandance`.`groups` VALUES (1,'401',6,4),(2,'402',4,4),(3,'404',1,4),(4,'405',3,4),(5,'407',2,4),(6,'412',4,3),(7,'413',1,3),(8,'415',3,3),(9,'417',2,3),(10,'422',4,2),(11,'422а',4,2),(12,'423',1,2),(13,'424',1,2),(14,'425',3,2),(15,'426',5,2),(16,'427',2,2),(17,'428',2,2),(18,'4301',8,1),(19,'4302',8,1),(20,'4303',7,1),(21,'4304',7,1),(22,'4305',7,1),(23,'4306',7,1),(24,'4307',7,1),(25,'431',6,1),(26,'436',1,1);
/*!40000 ALTER TABLE `attandance`.`groups` ENABLE KEYS */;
UNLOCK TABLES;


-- -----------------------------------------------------
-- Table `attandance`.`students`
-- -----------------------------------------------------
DROP TABLE IF EXISTS `attandance`.`students` ;

CREATE TABLE IF NOT EXISTS `attandance`.`students` (
  `StudentID` INT NOT NULL AUTO_INCREMENT,
  `FIO` VARCHAR(255) NOT NULL,
  `GroupID` INT NOT NULL,
  `Expelled` TINYINT(1) NULL DEFAULT '0',
  `Head` TINYINT(1) NULL DEFAULT '0',
  `E-mail` VARCHAR(100) NULL DEFAULT NULL,
  PRIMARY KEY (`StudentID`),
  INDEX `GroupID` (`GroupID` ASC) VISIBLE,
  CONSTRAINT `students_ibfk_1`
    FOREIGN KEY (`GroupID`)
    REFERENCES `attandance`.`groups` (`GroupID`))
ENGINE = InnoDB
AUTO_INCREMENT = 568
DEFAULT CHARACTER SET = utf8mb3;


--
-- Dumping data for table `students`
--

LOCK TABLES `attandance`.`students` WRITE;
/*!40000 ALTER TABLE `attandance`.`students` DISABLE KEYS */;
INSERT INTO `attandance`.`students` VALUES (1,'Болдин Николай Сергеевич',1,0,1,'nikolajboldin1@gmail.com'),(2,'Сайфутдинова Лиза Галиповна',1,0,0,NULL),(3,'Синицын Дмитрий Сергеевич',1,0,0,NULL),(4,'Скорова Юлия Григорьевна',1,0,0,NULL),(5,'Шишкин Руслан Николаевич',1,0,0,NULL),(6,'Акимов Даниил Вадимович',2,0,1,'daniil_akimov_2002@mail.ru'),(7,'Вакуленко Дмитрий Юрьевич',2,0,0,NULL),(8,'Гордиенко Анатолий Сергеевич',2,0,0,NULL),(9,'Захаров Михаил Павлович',2,0,0,NULL),(10,'Изотов Владимир Юрьевич',2,0,0,NULL),(11,'Илларионов Елисей Михайлович',2,0,0,NULL),(12,'Мещеряков Дмитрий Александрович',2,0,0,NULL),(13,'Михайлова Юлия Станиславовна',2,0,0,NULL),(14,'Николаев Максим Сергеевич',2,0,0,NULL),(15,'Силенкова Елизавета Юрьевна',2,0,0,NULL),(16,'Сомов Алексей Сергеевич',2,0,0,NULL),(17,'Абрамян Левон Кароевич',3,0,0,NULL),(18,'Азаров Даниил Константинович',3,0,0,NULL),(19,'Бездудная Ольга Евгеньевна',3,0,0,NULL),(20,'Бовчурова Ирина Петровна',3,0,0,NULL),(21,'Владимиров Дмитрий Владмирович',3,0,0,NULL),(22,'Галанов Максим Эрнстович',3,0,0,NULL),(23,'Закиров Ильяс Денисович',3,0,0,NULL),(24,'Игнатов Петр Владимирович',3,0,0,NULL),(25,'Касперский Даниил Дмитриевич',3,0,0,NULL),(26,'Коелсникова Алина Владимировна',3,0,0,NULL),(27,'Криштоп Артем Александрович',3,0,0,NULL),(28,'Куляев Евгений Викторович',3,0,0,NULL),(29,'Рухлова Ксения Алексеевна',3,0,0,NULL),(30,'Старков Силантий Денисович',3,0,0,NULL),(31,'Суховериков Денис Дмитриевич',3,0,1,'dsuhoverikov@gmail.com'),(32,'Сычев Михаил Сергеевич',3,0,0,NULL),(33,'Ташкова Анна Юрьевна',3,0,0,NULL),(34,'Тищенко Кирилл Андреевич',3,0,0,NULL),(35,'Тхагапасова Дарина Заурбековна',3,0,0,NULL),(36,'Шишко Даниил Юрьевич',3,0,0,NULL),(37,'Вишняков Виталий Евгеньевич',4,0,0,NULL),(38,'Галимова Ксения Артуровна',4,0,0,NULL),(39,'Евсеенкова Кристина Денисовна',4,0,0,NULL),(40,'Емельянова Ксения Игоревна',4,0,0,NULL),(41,'Емонаков Константин Юрьевич',4,0,0,NULL),(42,'Руденко Полина Сергеевна',4,0,0,NULL),(43,'Фомичева Полина Сергеевна',4,0,0,NULL),(44,'Чупахина Виталина Витальевна',4,0,1,'bykova_vita@mail.ru'),(45,'Шахов Михаил Андреевич',4,0,0,NULL),(46,'Ершов Егор Юрьевич',5,0,0,NULL),(47,'Калюгина Мария Алексеевна',5,0,0,NULL),(48,'Капралов Илья Вячеславович',5,0,0,NULL),(49,'Караджаев Муса Муртузалиевич',5,0,0,NULL),(50,'Князев Иван Сергеевич',5,0,0,NULL),(51,'Колосова Ксения Александровна',5,0,0,NULL),(52,'Косицын Павел Дмитриевич',5,0,0,NULL),(53,'Нарочная Анастасия',5,0,0,NULL),(54,'Нездерова Александра Андреевна',5,0,0,NULL),(55,'Проснеков Игнатий Анатольевич',5,0,0,NULL),(56,'Романовский Никита Алексеевич',5,0,0,NULL),(57,'Садриев Реназ Ренатович',5,0,0,NULL),(58,'Саранцева Алина Александровна',5,0,0,NULL),(59,'Семенова Анастасия Евгеньевна',5,0,0,NULL),(60,'Сидоренко Маргарита Михайловна',5,0,0,NULL),(61,'Соловых Мария Станиславовна',5,0,0,NULL),(62,'Усимов Юрий Алексеевич',5,0,1,'Nafany.nfny@yandex.ru'),(63,'Филюков Данила Вячеславович',5,0,0,NULL),(64,'Чапкий Александр Владимирович',5,0,0,NULL),(65,'Челяев Никита Сергеевич',5,0,0,NULL),(66,'Шепотковский Артем Андреевич',5,0,0,NULL),(67,'Шибанова Алёна Сергеевна',5,0,0,NULL),(68,'Янсон Виталия Сергеевна',5,0,0,NULL),(93,'Бубуек Валерия Евгеньевна',6,0,0,NULL),(94,'Кипятков Богдан Сергеевич',6,0,0,NULL),(95,'Кириллов Максим Михайлович',6,0,0,NULL),(96,'Лим Максим Сергеевич',6,0,0,NULL),(97,'Манашкина Анастасия Михайловна',6,0,0,NULL),(98,'Назаренко Диана Андреевна',10,0,0,NULL),(99,'Назарова Елена Руслановна',6,0,0,NULL),(100,'Никулин Матвей Анатольевич',6,0,0,NULL),(101,'Подорога Евгений Павлович',6,0,0,NULL),(102,'Романов Артемий Павлович',6,0,1,'randomlordofdoors@gmail.com'),(103,'Сириченко Данил Сергеевич',6,0,0,NULL),(104,'Уткин Илья Александрович',6,0,0,NULL),(105,'Аджей-Бой Нии Аджетей Нмаши',7,0,0,NULL),(106,'Баймухаметова Амина Гайнуллаевна',7,0,0,NULL),(107,'Беналлал Абдель Малек',7,0,0,NULL),(108,'Богданов Александр Евгеньевич',7,0,0,NULL),(109,'Васильев Дмитрий Станиславович',7,0,0,NULL),(110,'Занин Егор Валерьевич',7,0,0,NULL),(111,'Иванов Владислав Сергеевич',7,0,0,NULL),(112,'Карамов Роман Маратович',7,0,0,NULL),(113,'Комарова Юлия Константиновна',7,0,0,NULL),(114,'Кондиляброва Вероника Данииловна',7,0,0,NULL),(115,'Латыпов Амир Алмазович ',7,0,0,NULL),(116,'Малюшенко Наталья Сергеевна',7,0,0,NULL),(117,'Пренас Янис Янович',7,0,0,NULL),(118,'Прытков Егор Сергеевич',7,0,0,NULL),(119,'Пятиров Денис Александрович',7,0,0,NULL),(120,'Самарина Анастасия Олеговна',7,0,0,NULL),(121,'Тарасов Павел Антонович ',7,0,0,NULL),(122,'Тлеумбетов Тимур Денисович ',7,0,1,'huntertring87@gmail.com'),(123,'Бердиев Эдуард Магометович',8,0,0,NULL),(124,'Боковой Владислав Сергеевич',8,0,0,NULL),(125,'Вербецкий Даниил Вячеславович',8,0,0,NULL),(126,'Выморкова Екатерина Владимировна ',8,0,0,NULL),(127,'Домрачев Глеб Александрович',8,0,0,NULL),(128,'Ершов Алексей Андреевич',8,0,0,NULL),(129,'Карабанова Дарья Романовна',8,0,0,NULL),(130,'Лекомцев Руслан Олегович',8,0,0,NULL),(131,'Любимова Анастасия Евгеньевна  ',8,0,0,NULL),(132,'Науменко Юлия Геннадьевна',8,0,0,NULL),(133,'Николенко Екатерина Владимировна',8,0,0,NULL),(134,'Новая Дарья Александровна',8,0,0,NULL),(135,'Носов Дмитрий Сергеевич',8,0,0,NULL),(136,'Седлецкий Георгий Владиславович',8,0,0,NULL),(137,'Сошнев Андрей Витальевич',8,0,0,NULL),(138,'Шабалкина Мария Михайловна',8,0,1,'shabalkinaaaaaa@gmail.com'),(139,'Яндиева Хава Багаудиновна',8,0,0,NULL),(140,'Агаркова Алёна Александровна',9,0,0,NULL),(141,'Баранков Кирилл Александрович',9,0,0,NULL),(142,'Блинова Татьяна Павловна',9,0,0,NULL),(143,'Бурулев Тимофей Вячеславович',9,0,0,NULL),(144,'Васильев Павел Максимович',9,0,0,NULL),(145,'Гаврилович Владислав Павлович',9,0,0,NULL),(146,'Галкина Любовь Вадимовна',9,0,0,NULL),(147,'Галяутдинов Илья Азатович ',9,0,0,NULL),(148,'Гатальский Владислав Владимирович',9,0,0,NULL),(149,'Добровольский Данила Константинович',9,0,0,NULL),(150,'Ковалёв Сергей Андреевич',9,0,0,NULL),(151,'Коваленко Никита Юрьевич ',9,0,0,NULL),(152,'Колбеев Александр Юрьевич',9,0,0,NULL),(153,'Крапивина Полина Андреевна',9,0,0,NULL),(154,'Лесных Людмила Игоревна',9,0,1,'l-lesnykh@list.ru'),(155,'Мазеин Кирилл Сергеевич',9,0,0,NULL),(156,'Мамедов Руслан Эльнурович',9,0,0,NULL),(157,'Мельников Андрей Антонович',9,0,0,NULL),(158,'Михайлиди Анна Александровна ',9,0,0,NULL),(159,'Мишин Кирилл',9,0,0,NULL),(160,'Окотэтто Данил Денисович',9,0,0,NULL),(161,'Оноприенко Валерия Вячеславовна',9,0,0,NULL),(162,'Перетягин Дмитрий Андреевич',9,0,0,NULL),(163,'Попов Кирилл Владимирович ',9,0,0,NULL),(164,'Рублева Екатерина Михайловна',9,0,0,NULL),(165,'Садовский Игорь Константинович',9,0,0,NULL),(166,'Симакова Кристина Юрьевна',9,0,0,NULL),(167,'Толстова Анастасия Андреевна',9,0,0,NULL),(168,'Уруймагов Ярослав Георгиевич',9,0,0,NULL),(169,'Фоминых Полина Александровна',9,0,0,NULL),(170,'Цыпленков Севастьян Алексеевич',9,0,0,NULL),(171,'Шайда Андрей Игоревич',9,0,0,NULL),(172,'Шульга Олег Александрович',9,0,0,NULL),(173,'Андреев Сергей Алексеевич',10,0,0,NULL),(174,'Блаженнов Данил Олегович',10,0,0,NULL),(175,'Веселкова Алиса Сергеевна',10,0,1,'aliskaveselkova@gmail.com'),(176,'Винокуров Александр Денисович',10,0,0,NULL),(177,'Вычугжанина Екатерина Михайловна',10,0,0,NULL),(178,'Геер Аркадий Юрьевич',10,0,0,NULL),(179,'Ефанов Алексей Сергеевич',10,0,0,NULL),(180,'Кнышев Станислав Романович',10,0,0,NULL),(181,'Кожиков Егор Евгеньевич',10,0,0,NULL),(182,'Конаков Максим Андреевич',10,0,0,NULL),(183,'Криворучко Анна Викторовна',10,0,0,NULL),(184,'Лелякин Артём Андреевич',10,0,0,NULL),(185,'Люцай Всеволод Николаевич ',10,0,0,NULL),(186,'Мельник Всеволод Владимирович',10,0,0,NULL),(187,'Налимов Денис Алексеевич',10,0,0,NULL),(188,'Николаев Роман Александрович',10,0,0,NULL),(189,'Оксентюк Матвей Олегович',10,0,0,NULL),(190,'Панфилов Никита Сергеевич',10,0,0,NULL),(191,'Простякова Регина Евгеньевна',10,0,0,NULL),(192,'Силуянов Дмитрий Константинович',10,0,0,NULL),(193,'Степанов Даниил Александрович',10,0,0,NULL),(194,'Тимофеев Дмитрий Сергеевич',10,0,0,NULL),(195,'Щербаков Денис Русланович',10,0,0,NULL),(196,'Юрков Елисей Викторович',10,0,0,NULL),(197,'Ядрихинская Нина Александровна',10,0,0,NULL),(198,'Алексеев Даниил Дмитриевич',11,0,0,NULL),(199,'Баранов Иван Андреевич',11,0,0,NULL),(200,'Вакушин Егор Павлович',11,0,0,NULL),(201,'Визе Виктория',11,0,0,NULL),(202,'Ворфоломеева Александра Сергеевна',11,0,0,NULL),(203,'Гагарин Василий Алексадрович',11,0,0,NULL),(204,'Газзаева Милана Зурабовна',11,0,0,NULL),(205,'Дзекелева Елизавета Игоревна',11,0,0,NULL),(206,'Жолобов Никита Вячеславович',11,0,0,NULL),(207,'Коняхин Михаил Сергеевич',11,0,0,NULL),(208,'Кузьмин Иван Сергеевич',11,0,0,NULL),(209,'Лихачева Анжелика Денисовна',11,0,0,NULL),(210,'Малыгин Георгий Олегович',11,0,1,'george.malygin@gmail.com'),(211,'Нарыков Игорь Александрович',11,0,0,NULL),(212,'Нури Артём Дмитриевич',11,0,0,NULL),(213,'Парфенов Максим Михайлович',11,0,0,NULL),(214,'Ревякин Владислав Алексеевич',11,0,0,NULL),(215,'Сашкова Валерия Олеговна',11,0,0,NULL),(216,'Соколова Диана Сергеевна',11,0,0,NULL),(217,'Тарасов Игорь Алексеевич',11,0,0,NULL),(218,'Юров Георгий Александрович',11,0,0,NULL),(219,'Агишев Даниил Рустамович',12,0,0,NULL),(220,'Алиева Анастасия Андреевна',12,0,0,NULL),(221,'Баранова Арина Вячеславовна',12,0,0,NULL),(222,'Беликов Илья Александрович',12,0,0,NULL),(223,'Великанов Даниил Артемович',12,0,0,NULL),(224,'Галкина Алина Александровна',12,1,0,NULL),(225,'Ефремов Иван Андреевич',12,0,0,NULL),(226,'Захаров Роман Владимирович',12,0,0,NULL),(227,'Комарова София Денисовна',12,0,1,'balykhsonya1101@gmail.com'),(228,'Курсаков Владимир Владимирович',12,0,0,NULL),(229,'Лешуков Никита Владимирович',12,0,0,NULL),(230,'Лянко Максим Владимирович',12,0,0,NULL),(231,'Маскаев Иван Сергеевич',12,0,0,NULL),(232,'Моисеев Антон Евгеньевич',12,0,0,NULL),(233,'Мухаметов Данил Ильнурович',12,0,0,NULL),(234,'Орехов Даниил Сергеевич',12,0,0,NULL),(235,'Привалов Никита Николаевич',12,0,0,NULL),(236,'Прудникова Анастасия Игоревна',12,0,0,NULL),(237,'Рунина Анастасия Сергеевна',12,0,0,NULL),(238,'Сафаров Рустам Фахриддинович',12,0,0,NULL),(239,'Цуркан Владимир Сергеевич',12,0,0,NULL),(240,'Шаймарданова София Салаватовна',12,0,0,NULL),(241,'Шейхова Алиса Вагифовна',12,0,0,NULL),(242,'Барашенков Николай Андреевич',13,0,0,NULL),(243,'Белков Максим Дмитриевич',13,0,0,NULL),(244,'Бертова Альбина Андреевна',13,0,0,NULL),(245,'Губкин Максим Романович',13,0,0,NULL),(246,'Дроздов Егор Олегович',13,0,0,NULL),(247,'Зубков Артём Ильич',13,0,0,NULL),(248,'Конгди Александр Кусмиан',13,0,0,NULL),(249,'Корольский Иван Сергеевич',13,0,0,NULL),(250,'Кузнецов Алексей Алексеевич',13,0,0,NULL),(251,'Марков Владимир Павлович',13,0,0,NULL),(252,'Миронова Таисия Дмитриевна ',13,0,0,NULL),(253,'Мойсюк Дмитрий Александрович',13,0,0,NULL),(254,'Натель Мохаммедфарес Х. К.',13,0,0,NULL),(255,'Ничипорович Егор Михайлович',13,0,0,NULL),(256,'Редина Тамара Владимировна',13,0,0,NULL),(257,'Семенец Анастасия Дмитриевна',13,0,1,'nastya2004s@gmail.com'),(258,'Середенко Ульяна Романовна',13,0,0,NULL),(259,'Солодкий Никита Сергеевич',13,0,0,NULL),(260,'Харисов Ильяс Ренатович',13,0,0,NULL),(261,'Ярмагаева Мария Юрьевна',13,0,0,NULL),(262,'Афанасьева Кристина Александровна',14,0,0,NULL),(263,'Баев Кирилл Юрьевич',14,0,0,NULL),(264,'Березин Даниил Михайлович',14,0,0,NULL),(265,'Вахрушев Михаил Алексеевич',14,0,0,NULL),(266,'Друченко Илья Сергеевич',14,0,0,NULL),(267,'Евсеенко Валентин Максимович',14,0,0,NULL),(268,'Егорова Ксения Олеговна',14,0,0,NULL),(269,'Задуев Владислав Сергеевич',14,0,0,NULL),(270,'Зюзин Артём Ильич',14,0,0,NULL),(271,'Ивлев Максим Романович',14,0,0,NULL),(272,'Лёдов Антон Сергеевич',14,0,0,NULL),(273,'Мина Екатерина Андреевна',14,0,0,NULL),(274,'Миняев Виктор Сергеевич',14,0,0,NULL),(275,'Михейлис Даниил Алексеевич',14,0,0,NULL),(276,'Перьков Алексей Михайлович',14,0,0,NULL),(277,'Понадысев Тимур Сергеевич',14,0,0,NULL),(278,'Пономарев Константин Викторович',14,0,0,NULL),(279,'Приходько Алёна Андреевна',14,0,1,'alsona2004@mail.ru'),(280,'Роева Алёна Олеговна',14,0,0,NULL),(281,'Семенков Даниил Ильич',14,0,0,NULL),(282,'Смирнова Светлана Алексеевна',14,0,0,NULL),(283,'Труфякова Татьяна Дмитриевна',14,0,0,NULL),(284,'Шехин Роман Михайлович',14,0,0,NULL),(285,'Березницкий Александр Андреевич',15,0,0,NULL),(286,'Березницкий Арсений Андреевич',15,0,0,NULL),(287,'Васильев Иван Васильевич',15,0,0,NULL),(288,'Закиров Ильдар Альбертович',15,0,0,NULL),(289,'Залевский Евгений Константинович',15,0,0,NULL),(290,'Иванов Иван Ильич',15,0,0,NULL),(291,'Ковалева Анастасия Андреевна',15,0,0,NULL),(292,'Колесникова Арина Сергеевна',15,0,0,NULL),(293,'Куликова Дарина Михайловна',15,0,0,NULL),(294,'Палесика Анна Алексеевна',15,0,0,NULL),(295,'Свиридов Алексей Владимирович',15,0,0,NULL),(296,'Шевцова Александра Алексеевна',15,0,1,'shvetsovaalexandra666@gmail.com'),(297,'Борщевский Александр Федорович',16,0,0,NULL),(298,'Войтов Арсений Янович',16,0,0,NULL),(299,'Волужева Дарья Романовна',16,0,0,NULL),(300,'Захаров Денис Андреевич',16,0,0,NULL),(301,'Игнатьева Мария Александровна',16,0,0,NULL),(302,'Ильинский Максим Кириллович',16,0,0,NULL),(303,'Карамергенов Тимур Ришатович',16,0,0,NULL),(304,'Коростылева Анастасия Андреевна',16,0,1,'korostyleva16@inbox.ru'),(305,'Кудрявцев Игорь Владимирович',16,0,0,NULL),(306,'Лобусов Кирилл Андреевич',16,0,0,NULL),(307,'Мельников Иван Дмитриевич',16,0,0,NULL),(308,'Милькевич Алексей Александрович',16,0,0,NULL),(309,'Назаргулов Рустам Дамирович',16,0,0,NULL),(310,'Пархомов Сергей Алексеевич',16,0,0,NULL),(311,'Пестовская Виктория Михайловна',16,0,0,NULL),(312,'Просвирин Артем Александрович',16,0,0,NULL),(313,'Семенов Александр Владимирович',16,0,0,NULL),(314,'Степанова Ксения Алексеевна',16,0,0,NULL),(315,'Тарбеев Данила Андреевич',16,0,0,NULL),(316,'Труфанов Даниил Игоревич',16,0,0,NULL),(317,'Шарифуллин Данил Ренатович',16,0,0,NULL),(318,'Шишкина Анна Егоровна',16,0,0,NULL),(319,'Алексеева Полина Евгеньевна',17,0,1,'alekseevapolina182@gmail.com'),(320,'Алтасина Арина Дмитриевна',17,0,0,NULL),(321,'Бабин Степан Евгеньевич',17,0,0,NULL),(322,'Беляев Александр Александрович',17,0,0,NULL),(323,'Беналлал Даниил',17,0,0,NULL),(324,'Герасимова Валерия Александровна',17,0,0,NULL),(325,'Иванов Артем Васильевич',17,0,0,NULL),(326,'Квашнин Вячеслав Олегович',17,0,0,NULL),(327,'Кирдищев Никита Сергеевич',17,0,0,NULL),(328,'Климова Анна Алексеевна',17,0,0,NULL),(329,'Коготков Михаил Алексеевич',17,0,0,NULL),(330,'Косолапов Григорий Андреевич',17,0,0,NULL),(331,'Литовченко Алина Сергеевна',17,0,0,NULL),(332,'Машарова Ирина Романовна',17,0,0,NULL),(333,'Папузина Татьяна Николаевна',17,0,0,NULL),(334,'Полишова Марина Дмитриевна',17,0,0,NULL),(335,'Силантьев Валерий Вадимович',17,0,0,NULL),(336,'Сорокина Виктория Сергеевна',17,0,0,NULL),(337,'Сулейманов Тимур Олегович',17,0,0,NULL),(338,'Худомясов Владислав Васильевич',17,0,0,NULL),(339,'Абдуллах Роман Фаурович',18,0,0,NULL),(340,'Алимушкин Кирилл Павлович',18,0,0,NULL),(341,'Атавин Павел Николаевич',18,0,0,NULL),(342,'Башкирцев Илья Андреевич',18,0,0,NULL),(343,'Богданов Глеб Дмитриевич',18,0,0,NULL),(344,'Боднарь Алина Александровна',18,0,0,NULL),(345,'Бозкурт София Этхемовна',18,0,0,NULL),(346,'Елисеенко Тимур Ясарович',18,0,0,NULL),(347,'Кузьмина Анастасия Андреевна',18,0,0,NULL),(348,'Кулябин Никита Константинович',18,0,1,'nikita.kylabin@yandex.ru'),(349,'Кутузов Данила Валерьевич',18,0,0,NULL),(350,'Малахов Александр Артёмович',18,0,0,NULL),(351,'Муромов Арсений Евгеньевич',18,0,0,NULL),(352,'Патока Антон Сергеевич',18,0,0,NULL),(353,'Попов Никита Сергеевич',18,0,0,NULL),(354,'Радочин Михаил Александрович',18,0,0,NULL),(355,'Русских Дмитрий Александрович',18,0,0,NULL),(356,'Сенчурин Максим Сергеевич',18,0,0,NULL),(357,'Стариков Роман Дмитриевич',18,0,0,NULL),(358,'Степанов Иван Вячеславович',18,0,0,NULL),(359,'Трофимов Дмитрий Олегович',18,0,0,NULL),(360,'Фуфин Никита Артемович',18,0,0,NULL),(361,'Чжан Цзявэй',18,0,0,NULL),(362,'Шелковников Арсений Дмитриевич',18,0,0,NULL),(363,'Широков Егор Александрович',18,0,0,NULL),(364,'Артюх Александр Анатольевич',19,0,0,NULL),(365,'Банников Алексей Алексеевич',19,0,0,NULL),(366,'Башаркевич Григорий Николаевич',19,0,0,NULL),(367,'Глинский Никита Николаевич',19,0,0,NULL),(368,'Дюканов Вячеслав Евгеньевич',19,0,0,NULL),(369,'Залялетдинов Данил Сергеевич',19,0,0,NULL),(370,'Збаравский Кирилл Романович',19,0,0,NULL),(371,'Зорькин Вячеслав Александрович',19,0,0,NULL),(372,'Коробко Владимир Владимирович',19,0,0,NULL),(373,'Костыгов Тимофей Сергеевич',19,0,0,NULL),(374,'Лупанов Кирилл Дмитриевич',19,0,0,NULL),(375,'Малышев Михаил Андреевич',19,0,0,NULL),(376,'Мамаев Всеволод Денисович',19,0,0,NULL),(377,'Мовсисян Артём Аршакович',19,0,0,NULL),(378,'Могонов Егор Андреевич',19,0,0,NULL),(379,'Романов Артём Владимирович',19,0,0,NULL),(380,'Светлова Елена Павловна',19,0,0,NULL),(381,'Слепов Иван Андреевич',19,0,0,NULL),(382,'Степанюк Мария Владимировна',19,0,1,'masha791213@gmail.com'),(383,'Тимофеева Мария Максимовна',19,0,0,NULL),(384,'Трофимов Леонид Алексеевич',19,0,0,NULL),(385,'Фролов Николай Витальевич',19,0,0,NULL),(386,'Ханков Арсений Евгеньевич',19,0,0,NULL),(387,'Чероватенко Артём Дмитриевич',19,0,0,NULL),(388,'Шипунов Тимофей Евгеньевич',19,0,0,NULL),(389,'Абдуваитова Азиза Каршибоевна',20,0,0,NULL),(390,'Бах Леонид Климентьевич',20,0,0,NULL),(391,'Белданов Александр Витальевич',20,0,0,NULL),(392,'Бессонова Светлана Юрьевна',20,0,0,NULL),(393,'Герасимов Александр Константинович',20,0,0,NULL),(394,'Гербут Максим Сергеевич',20,0,0,NULL),(395,'Горбунов Максим Евгеньевич',20,0,0,NULL),(396,'Громов Никита',20,0,0,NULL),(397,'Дворецков Роман Николаевич',20,0,0,NULL),(398,'Дивногорский Антон Андреевич',20,0,0,NULL),(399,'Евстигнеев Евгений Юрьевич',20,0,0,NULL),(400,'Иванков Дмитрий Николаевич',20,0,0,NULL),(401,'Иванов Глеб Игоревич',20,0,0,NULL),(402,'Крестьянова Екатерина Сергеевна',20,0,1,'moloko44444b@gmail.com'),(403,'Мазо Иван Борисович',20,0,0,NULL),(404,'Маттиев Азамат Каримович',20,0,0,NULL),(405,'Михайлов Алексей Геннадьевич',20,0,0,NULL),(406,'Мусаев Уллубий Назирович',20,0,0,NULL),(407,'Образцов Никита Артемович',20,0,0,NULL),(408,'Озерова Мария Леонидовна',20,0,0,NULL),(409,'Пылаев Алексей Владимирович',20,0,0,NULL),(410,'Родцевич Олег Антонович',20,0,0,NULL),(411,'Сотников Максим Александрович',20,0,0,NULL),(412,'Стражец Вячеслав Александрович',20,0,0,NULL),(413,'Строков Евгений Алексеевич',20,0,0,NULL),(414,'Тимофеева Елизавета Игоревна',20,0,0,NULL),(415,'Томаровская Екатерина Александровна',20,0,0,NULL),(416,'Тэгшээ Хуслэн',20,0,0,NULL),(417,'Хатунцев Федор Алексеевич',20,0,0,NULL),(418,'Чугунова Ксения Романовна',20,0,0,NULL),(419,'Абдуллаев Байзак Сабиралиевич ',21,0,0,NULL),(420,'Абдуназаров Шохджахон Саидкулович ',21,0,0,NULL),(421,'Александров Александр Сергеевич',21,0,0,NULL),(422,'Анненков Дмитрий Сергеевич',21,0,0,NULL),(423,'Валиев Данил Ленарович',21,0,0,NULL),(424,'Гладышева Галина Ивановна',21,0,0,NULL),(425,'Евсеев Владислав Романович',21,0,0,NULL),(426,'Журавлева Александра Витальевна',21,0,0,NULL),(427,'Закирова Регина Сабитовна',21,0,0,NULL),(428,'Зарецкий Дмитрий Павлович',21,0,0,NULL),(429,'Костанян Нарек Араевич',21,0,0,NULL),(430,'Кузьмин Владислав Евгеньевич ',21,0,0,NULL),(431,'Кутькина Олеся Владимировна',21,0,1,'ol2es6ya1@gmail.com'),(432,'Лобанов Даниил Михайлович',21,0,0,NULL),(433,'Малахова Екатерина Александровна',21,0,0,NULL),(434,'Марданов Амир Рамилевич',21,0,0,NULL),(435,'Мингамаджи Одилон Сайна',21,0,0,NULL),(436,'Мурзаева Анна Ильинична',21,0,0,NULL),(437,'Мыльникова Диана Константиновна',21,0,0,NULL),(438,'Нехорошев Дмитрий Иванович',21,0,0,NULL),(439,'Омеленюк Александра Антоновна',21,0,0,NULL),(440,'Панасюк Валерия Артёмовна',21,0,0,NULL),(441,'Парфенова Екатерина Владимировна',21,0,0,NULL),(442,'Потапова Ярослава Ильинична',21,0,0,NULL),(443,'Прихожденко Матвей Андреевич',21,0,0,NULL),(444,'Рыбник Всеволод Сергеевич',21,0,0,NULL),(445,'Торопова Дарья Александровна',21,0,0,NULL),(446,'Усольцев Виталий Максимович',21,0,0,NULL),(447,'Халилова Алина Руслановна',21,0,0,NULL),(448,'Щербаков Сергей Игоревич',21,0,0,NULL),(449,'Бойко Денис',22,0,0,NULL),(450,'Болотов Дмитрий Владимирович',22,0,0,NULL),(451,'Брусенцов Денис',22,0,0,NULL),(452,'Гомбожапов Жалсан Зориктоевич',22,0,0,NULL),(453,'Дрёмова Милана Денисовна',22,0,0,NULL),(454,'Жердев Артём Александрович',22,0,0,NULL),(455,'Земцов Артём Алексеевич',22,0,0,NULL),(456,'Кораблев Дмитрий Витальевич',22,0,0,NULL),(457,'Кузнецов Марк Сергеевич',22,0,0,NULL),(458,'Ландыш Ольга Олеговна',22,0,0,NULL),(459,'Локтионова Татьяна Сергеевна',22,0,0,NULL),(460,'Лопарев Артём Алексеевич',22,0,0,NULL),(461,'Махмудов Андрей Владимирович',22,0,0,NULL),(462,'Никитина Мария Олеговна',22,0,0,NULL),(463,'Орехова Дана Антоновна',22,0,0,NULL),(464,'Панина Дарья Данииловна',22,0,0,NULL),(465,'Пулатов Акром Хикматович',22,0,0,NULL),(466,'Рузимахмадов Фаридун Абдусатторович',22,0,0,NULL),(467,'Рысева Василиса Тимофеевна',22,0,0,NULL),(468,'Смелковская Елизавета Сергеевна',22,0,0,NULL),(469,'Степаненко Владислав Ярославович',22,0,0,NULL),(470,'Хан София Андреевна',22,0,0,NULL),(471,'Ходков Михаил Ярославович',22,0,0,NULL),(472,'Черевков Алексей Павлович',22,0,0,NULL),(473,'Черницкий Илья Вадимович',22,0,0,NULL),(474,'Шакиров Роберт Маратович',22,0,0,NULL),(475,'Шамотайлов Николай Николаевич',22,0,0,NULL),(476,'Шмонина Елизавета Алексеевна',22,0,0,NULL),(477,'Щедрина Екатерина Игоревна',22,0,1,'kateshchedrina2005@gmail.com'),(478,'Агеева Вероника Павловна',22,0,0,NULL),(479,'Александрычева Алёна Сергеевна',22,0,0,NULL),(480,'Алиева София',22,0,0,NULL),(481,'Анистенок Илья Игоревич',22,0,0,NULL),(482,'Бабаян Тигран Витальевич',22,0,0,NULL),(483,'Беляков Матвей Иванович',22,0,0,NULL),(484,'Блинкова Виктория Евгеньевна',22,0,0,NULL),(485,'Васильченко Мария Сергеевна',22,0,0,NULL),(486,'Вдовина Валерия Викторовна',22,0,0,NULL),(487,'Груздев Алексей Алексеевич',22,0,0,NULL),(488,'Дементьев Никита Денисович',22,0,0,NULL),(489,'Долинин Дмитрий Александрович',22,0,0,NULL),(490,'Залялова Амина Рашидовна',22,0,0,NULL),(491,'Зинин Илья Николаевич',22,0,0,NULL),(492,'Каверзин Илья Владимирович',22,0,0,NULL),(493,'Казак-Тясто Кристина Игоревна',22,0,0,NULL),(494,'Карташов Артём Станиславович',22,0,0,NULL),(495,'Лазарев Павел Андреевич',22,0,0,NULL),(496,'Масимова Бахар Санан кызы',22,0,0,NULL),(497,'Нурализода Шараф Мирвалии',22,0,0,NULL),(498,'Сафина Лейсан Айнуровна',22,0,0,NULL),(499,'Софьина Ксения Викторовна',22,0,1,'ks_s2000@gmail.com'),(500,'Тарасов Артём Игоревич',22,0,0,NULL),(501,'Татарников Андрей Алексеевич',22,0,0,NULL),(502,'Томилов Никита Вадимович',22,0,0,NULL),(503,'Тягунова Дана Ивановна',22,0,0,NULL),(504,'Тянькин Владислав Сергеевич',22,0,0,NULL),(505,'Федоров Илья Вадимович',22,0,0,NULL),(506,'Шаханов Александр Андреевич',22,0,0,NULL),(507,'Якушкин Илья Сергеевич',22,0,0,NULL),(508,'Антоненко Федор Михайлович',24,0,0,NULL),(509,'Байлыев Алланазар',24,0,0,NULL),(510,'Бахметов Кирилл Алексеевич',24,0,0,NULL),(511,'Бекберганов Азизбек Хасан угли',24,0,0,NULL),(512,'Гапоняко Фёдор Дмитриевич',24,0,0,NULL),(513,'Гаштов Дамир Михайлович',24,0,0,NULL),(514,'Грабаздин Вадим Сергеевич',24,0,0,NULL),(515,'Дмитриев Максим Викторович',24,0,0,NULL),(516,'Иванов Дмитрий Игоревич',24,0,0,NULL),(517,'Инякина Мария Александровна',24,0,0,NULL),(518,'Исакова София Алексеевна',24,0,0,NULL),(519,'Истомин Дмитрий Иванович',24,0,0,NULL),(520,'Кавелин Даниил Игоревич',24,0,0,NULL),(521,'Каражаков-Креймер Андрей Кириллович',24,0,1,'ankika2005@gmail.com'),(522,'Кондрашина Мария Дмитриевна',24,0,0,NULL),(523,'Корзинин Михаил Андреевич',24,0,0,NULL),(524,'Курзенев Андрей Сергеевич',24,0,0,NULL),(525,'Леготкина Елизавета Алексеевна',24,0,0,NULL),(526,'Максимов Даниил Михайлович',24,0,0,NULL),(527,'Мелюшенок Ксения Сергеевна',24,0,0,NULL),(528,'Метелёв Григорий Андреевич',24,0,0,NULL),(529,'Орлов Никита Аленович',24,0,0,NULL),(530,'Пушкина Ксения Юрьевна',24,0,0,NULL),(531,'Пшеничников Максим Юрьевич',24,0,0,NULL),(532,'Смирнов Никита Ильич',24,0,0,NULL),(533,'Фомин Михаил Витальевич',24,0,0,NULL),(534,'Холмогоров Андрей Алексеевич',24,0,0,NULL),(535,'Чудов Константин Александрович',24,0,0,NULL),(536,'Барсагаева Диана Александровна',25,0,0,NULL),(537,'Будаева Марина Махмудовна',25,0,0,NULL),(538,'Бурдельная Ирина Кирилловна',25,0,0,NULL),(539,'Бырканов Антон Алексеевич',25,0,0,NULL),(540,'Демин Георгий Васильевич',25,0,0,NULL),(541,'Дубова Анастасия Дмитриевна',25,0,0,NULL),(542,'Ковальчук Иван Денисович',25,0,0,NULL),(543,'Колесник Алексей Сергеевич',25,0,0,NULL),(544,'Макарова Дарья Денисовна',25,0,0,NULL),(545,'Максименков Константин Романович',25,0,0,NULL),(546,'Малиновская Мария Владимировна',25,0,0,NULL),(547,'Мельник Анна Вячеславовна',25,0,0,NULL),(548,'Метелкин Александр Евгеньевич',25,0,0,NULL),(549,'Пестов Александр Александрович',25,0,0,NULL),(550,'Поляков Даниил Андреевич',25,0,0,NULL),(551,'Рочев Эдуард Михайлович',25,0,0,NULL),(552,'Рыжаков Ярослав Васильевич',25,0,0,NULL),(553,'Снурницын Дмитрий Александрович',25,0,0,NULL),(554,'Соколов Артём Алексеевич',25,0,0,NULL),(555,'Соловьев Егор Ильич',25,0,0,NULL),(556,'Умнов Аркадий Иванович',25,0,1,'arkados175@gmail.com'),(557,'Харитонов Марк Сергеевич',25,0,0,NULL),(558,'Хафизова Ангелина Андреевна',25,0,0,NULL),(559,'Ховатова Евгения Владимировна',25,0,0,NULL),(560,'Яшков Руслан Александрович',25,0,0,NULL),(561,'Бондаренко Екатерина Дмитриевна',26,0,1,'katya.bondarenko2017@gmail.com'),(562,'Булдаков Матвей Александрович',26,0,0,NULL),(563,'Кулёмин Владимир Яковлевич',26,0,0,NULL),(564,'Петров Тимофей Сергеевич',26,0,0,NULL),(565,'Подойников Никита Сергеевич',26,0,0,NULL),(566,'Стец Анастасия Сергеевна',26,0,0,NULL),(567,'Филимонов Иван Игоревич',26,0,0,NULL);
/*!40000 ALTER TABLE `attandance`.`students` ENABLE KEYS */;
UNLOCK TABLES;

-- -----------------------------------------------------
-- Table `attandance`.`disciplines`
-- -----------------------------------------------------
DROP TABLE IF EXISTS `attandance`.`disciplines` ;

CREATE TABLE IF NOT EXISTS `attandance`.`disciplines` (
  `DisciplineID` INT NOT NULL AUTO_INCREMENT,
  `Discipline` VARCHAR(255) NOT NULL,
  PRIMARY KEY (`DisciplineID`))
ENGINE = InnoDB
AUTO_INCREMENT = 155
DEFAULT CHARACTER SET = utf8mb3;

--
-- Dumping data for table `disciplines`
--

LOCK TABLES `attandance`.`disciplines` WRITE;
/*!40000 ALTER TABLE `attandance`.`disciplines` DISABLE KEYS */;
INSERT INTO `attandance`.`disciplines` VALUES (3,'Иностранный язык'),(4,'Операционные системы'),(5,'Математика'),(6,'Программирование на языках низкого уровня'),(7,'Информатика'),(8,'Физическая культура'),(9,'Химия'),(10,'Основы права'),(11,'Физика'),(12,'Алгоритмы и структуры данных'),(13,'История'),(14,'Культура речи и деловое общение'),(15,'Иностранный язык'),(17,'Безопасность жизнедеятельности'),(18,'Архитектура информационных систем'),(19,'Социология и психология'),(20,'Метрология, стандартизация и сертификация'),(21,'Философия'),(22,'Дискретная математика'),(23,'Базы данных'),(25,'Корпоративные информационные системы'),(26,'Вычислительная математика'),(27,'Базы данных'),(28,'Программирование на языке JAVA'),(29,'Основы цифровой электроники'),(30,'Основы экономики и менеджмента'),(31,'Большие данные'),(32,'Математическое программирование'),(33,'Информационно-коммуникационные системы и сети'),(34,'Теория вероятностей и математическая статистика'),(35,'Облачные технологии'),(36,'Моделирование систем'),(37,'Планирование эксперимента и обработка экспериментальных данных'),(38,'Методы искусственного интеллекта'),(39,'Управление ИТ-проектами'),(40,'Программно-технические комплексы для управления аддитивными технологиями в цифровом производстве'),(41,'Интеллектуальный анализ данных'),(42,'Методы оптимизации'),(43,'Лингвистическое и программное обеспечение автоматизированных информационных систем'),(44,'Разработка программного обеспечения для мобильных систем'),(45,'Сетевые технологии и распределенные системы'),(46,'Администрирование информационных систем'),(47,'Разработка WEB-приложений'),(48,'Разработка графических пользовательских интерфейсов'),(49,'Инструментальные средства информационных систем'),(50,'Методы и средства проектирования информационных систем и технологий'),(51,'Программно-аппаратные средства обеспечения безопасности информационных систем'),(52,'Информационная безопасность'),(53,'История и перспективы развития информатики и вычислительной техники'),(54,'Информационные технологии и программирование'),(55,'Математический анализ'),(56,'Введение в информационные технологии'),(57,'Алгебра и геометрия'),(58,'Инженерная графика'),(59,'Теоретические основы химической технологии'),(60,'Вычислительные системы, сети и телекоммуникации'),(61,'Разработка программных систем'),(62,'Процессы и аппараты химических производств'),(63,'Математическая логика и теория алгоритмов'),(64,'Численные методы и алгоритмы решения дифференциальных уравнений'),(65,'Компьютерная графика'),(66,'Основы прикладной механики'),(67,'Метрологическое и методическое обеспечение автоматизированных информационных систем'),(68,'Планирование исследований и анализ экспериментальных данных'),(69,'Основы автоматизированного проектирования'),(70,'Методы и технологии проектирования систем управления'),(71,'Интернет-технологии'),(72,'Правовые основы информатики'),(73,'Разработка программных комплексов для исследований в химии и химической технологии'),(74,'Геометрическое моделирование в химии и химической технологии'),(75,'Основы проектирования химико-технологических систем'),(76,'Системы тестирования программного обеспечения'),(77,'Компьютерное моделирование в химии и химической технологии'),(78,'Средства визуализации данных'),(79,'Информационные системы для предприятий'),(80,'Автоматика и автоматизация химико-технологических процессов'),(81,'Надежность программных средств'),(82,'Математическое моделирование химико-технологических объектов с распределенными параметрами'),(83,'Основы разработки автоматизированных информационных систем'),(84,'Автоматизированные системы технологической подготовки производства'),(85,'Информационные технологии в материаловедении'),(86,'Прикладная информатика в общей и неорганической химии'),(87,'Прикладная информатика в органической химии'),(88,'Теория систем и системный анализ'),(89,'Прикладная информатика в аналитической химии'),(90,'Биоинформатика'),(91,'Методы поддержки принятия решений'),(92,'Проблемно-ориентированные моделирующие пакеты в химии и химической технологии'),(93,'Проектирование информационных систем'),(94,'Компьютерные технологии веществ и материалов'),(95,'Программно-технические комплексы обработки информации и управления качеством химической продукции'),(96,'Хемометрические методы'),(97,'Алгоритмические языки программирования выского уровня'),(98,'Инженерная и компьютерная графика'),(99,'Основы экологии'),(100,'Физическая химия'),(101,'Русский язык и культура речи'),(102,'Основы научных исследований'),(103,'Психология'),(104,'Прикладная механика'),(105,'Электротехника и промышленная электроника'),(106,'Материаловедение'),(107,'Техническая термодинамика и теплотехника'),(108,'Вычислительные машины, системы и сети'),(109,'Электротехника и электроника'),(110,'Гидравлика'),(111,'Теория автоматического управления'),(112,'Общая химическая технология'),(113,'Проектирование механизмов средств автоматизации'),(114,'Автоматизированные банки данных и знаний'),(115,'Процессы и аппараты'),(116,'Технологические измерения и приборы'),(117,'Диагностика и надежность автоматизированных систем'),(118,'Технологические системы и приборы'),(119,'Средства автоматизации и управления'),(120,'Программно-технические комплексы обработки информации и управления качеством продукции'),(121,'Социология'),(122,'Автоматизация технологических процессов и производств'),(123,'Управляющие вычислительные комплексы'),(124,'Программирование и алгоритмизация'),(125,'Организация и планирование автоматизированных производств'),(126,'Управление качеством на этапах жизненного цикла'),(127,'Системы комплексной механизации'),(128,'Оптимизация систем управления'),(129,'Моделирование объектов'),(130,'Проектирование автоматизированных систем'),(131,'Когнтивные диагностические модели'),(132,'SCADA системы'),(133,'Алгоритмические языки высокого уровня'),(134,'Процедурно-структурное программирование'),(135,'Объектно-ориентированное программирование'),(136,'Теория и технология программирования'),(137,'Системный анализ, оптимизация и принятие решений'),(138,'Основы военной подготовки'),(139,'Основы российской государственности'),(140,'История России'),(141,'Алгоритмические языки программирования высокого уровня'),(142,'Программирование на языке Python'),(146,'Мультимедиа технологии'),(148,'Стохастическое моделирование'),(149,'Производственная практика'),(150,'Научно-исследовательская работа '),(151,'Физическая подготовка (элективные курсы)'),(152,'Методы анализа и решение систем дифференциальных уравнений'),(153,'Программирование на языке С++'),(154,'Разработка графических WEB-интерфейсов');
/*!40000 ALTER TABLE `attandance`.`disciplines` ENABLE KEYS */;
UNLOCK TABLES;

-- -----------------------------------------------------
-- Table `attandance`.`classes`
-- -----------------------------------------------------
DROP TABLE IF EXISTS `attandance`.`classes` ;

CREATE TABLE IF NOT EXISTS `attandance`.`classes` (
  `ClassID` INT NOT NULL AUTO_INCREMENT,
  `ClassNumber` INT NOT NULL,
  `ClassTime` VARCHAR(45) NULL DEFAULT NULL,
  PRIMARY KEY (`ClassID`))
ENGINE = InnoDB
AUTO_INCREMENT = 6
DEFAULT CHARACTER SET = utf8mb3;

--
-- Dumping data for table `classes`
--

LOCK TABLES `attandance`.`classes` WRITE;
/*!40000 ALTER TABLE `attandance`.`classes` DISABLE KEYS */;
INSERT INTO `attandance`.`classes` VALUES (1,1,'9.30-11.00'),(2,2,'11.30-13.00'),(3,3,'14.00-15.30'),(4,4,'16.00-17.30'),(5,5,'18.00-19.30');
/*!40000 ALTER TABLE `attandance`.`classes` ENABLE KEYS */;
UNLOCK TABLES;

-- -----------------------------------------------------
-- Table `attandance`.`classtypes`
-- -----------------------------------------------------
DROP TABLE IF EXISTS `attandance`.`classtypes` ;

CREATE TABLE IF NOT EXISTS `attandance`.`classtypes` (
  `TypeID` INT NOT NULL AUTO_INCREMENT,
  `Type` VARCHAR(100) NOT NULL,
  PRIMARY KEY (`TypeID`))
ENGINE = InnoDB
AUTO_INCREMENT = 6
DEFAULT CHARACTER SET = utf8mb3;

--
-- Dumping data for table `classtypes`
--

LOCK TABLES `attandance`.`classtypes` WRITE;
/*!40000 ALTER TABLE `attandance`.`classtypes` DISABLE KEYS */;
INSERT INTO `attandance`.`classtypes` VALUES (1,'Лекция'),(2,'Практика'),(3,'Лабораторная'),(4,'К/Р'),(5,'К/ПР');
/*!40000 ALTER TABLE `attandance`.`classtypes` ENABLE KEYS */;
UNLOCK TABLES;

-- -----------------------------------------------------
-- Table `attandance`.`attandance`
-- -----------------------------------------------------
DROP TABLE IF EXISTS `attandance`.`attandance` ;

CREATE TABLE IF NOT EXISTS `attandance`.`attandance` (
  `AttandanceID` INT NOT NULL AUTO_INCREMENT,
  `StudentID` INT NOT NULL,
  `DisciplineID` INT NOT NULL,
  `ClassID` INT NOT NULL,
  `Date` DATE NOT NULL,
  `Pass` INT NOT NULL,
  `TypeID` INT NOT NULL DEFAULT '1',
  PRIMARY KEY (`AttandanceID`),
  INDEX `StudentID` (`StudentID` ASC) VISIBLE,
  INDEX `DisciplineID` (`DisciplineID` ASC) VISIBLE,
  INDEX `ClassID` (`ClassID` ASC) VISIBLE,
  INDEX `TypeID` (`TypeID` ASC) VISIBLE,
  CONSTRAINT `attandance_ibfk_1`
    FOREIGN KEY (`StudentID`)
    REFERENCES `attandance`.`students` (`StudentID`),
  CONSTRAINT `attandance_ibfk_2`
    FOREIGN KEY (`DisciplineID`)
    REFERENCES `attandance`.`disciplines` (`DisciplineID`),
  CONSTRAINT `attandance_ibfk_3`
    FOREIGN KEY (`ClassID`)
    REFERENCES `attandance`.`classes` (`ClassID`),
  CONSTRAINT `attandance_ibfk_4`
    FOREIGN KEY (`TypeID`)
    REFERENCES `attandance`.`classtypes` (`TypeID`))
ENGINE = InnoDB
AUTO_INCREMENT = 169
DEFAULT CHARACTER SET = utf8mb3;

--
-- Dumping data for table `attandance`
--

LOCK TABLES `attandance`.`attandance` WRITE;
/*!40000 ALTER TABLE `attandance`.`attandance` DISABLE KEYS */;
INSERT INTO `attandance`.`attandance` VALUES (1,93,130,3,'2024-04-17',2,1),(2,94,130,3,'2024-04-17',0,1),(3,95,130,3,'2024-04-17',2,1),(4,96,130,3,'2024-04-17',0,1),(5,97,130,3,'2024-04-17',1,1),(6,99,130,3,'2024-04-17',0,1),(7,100,130,3,'2024-04-17',2,1),(8,101,130,3,'2024-04-17',0,1),(9,102,130,3,'2024-04-17',2,1),(10,103,130,3,'2024-04-17',0,1),(11,104,130,3,'2024-04-17',1,1),(12,93,124,3,'2024-04-17',1,1),(13,94,124,3,'2024-04-17',0,1),(14,95,124,3,'2024-04-17',1,1),(15,96,124,3,'2024-04-17',0,1),(16,97,124,3,'2024-04-17',2,1),(17,99,124,3,'2024-04-17',0,1),(18,100,124,3,'2024-04-17',2,1),(19,101,124,3,'2024-04-17',0,1),(20,102,124,3,'2024-04-17',1,1),(21,103,124,3,'2024-04-17',1,1),(22,104,124,3,'2024-04-17',1,1),(23,93,126,4,'2024-04-17',1,1),(24,94,126,4,'2024-04-17',2,1),(25,95,126,4,'2024-04-17',2,1),(26,96,126,4,'2024-04-17',1,1),(27,97,126,4,'2024-04-17',0,1),(28,99,126,4,'2024-04-17',2,1),(29,100,126,4,'2024-04-17',0,1),(30,101,126,4,'2024-04-17',1,1),(31,102,126,4,'2024-04-17',0,1),(32,103,126,4,'2024-04-17',2,1),(33,104,126,4,'2024-04-17',0,1),(34,93,132,3,'2024-04-17',2,1),(35,94,132,3,'2024-04-17',2,1),(36,95,132,3,'2024-04-17',1,1),(37,96,132,3,'2024-04-17',2,1),(38,97,132,3,'2024-04-17',0,1),(39,99,132,3,'2024-04-17',0,1),(40,100,132,3,'2024-04-17',2,1),(41,101,132,3,'2024-04-17',0,1),(42,102,132,3,'2024-04-17',1,1),(43,103,132,3,'2024-04-17',0,1),(44,104,132,3,'2024-04-17',2,1),(45,93,131,4,'2024-04-17',2,1),(46,94,131,4,'2024-04-17',1,1),(47,95,131,4,'2024-04-17',2,1),(48,96,131,4,'2024-04-17',1,1),(49,97,131,4,'2024-04-17',2,1),(50,99,131,4,'2024-04-17',1,1),(51,100,131,4,'2024-04-17',2,1),(52,101,131,4,'2024-04-17',1,1),(53,102,131,4,'2024-04-17',2,1),(54,103,131,4,'2024-04-17',1,1),(55,104,131,4,'2024-04-17',2,1),(56,105,34,4,'2024-04-29',2,2),(57,106,34,4,'2024-04-29',0,2),(58,107,34,4,'2024-04-29',1,2),(59,108,34,4,'2024-04-29',2,2),(60,109,34,4,'2024-04-29',1,2),(61,110,34,4,'2024-04-29',2,2),(62,111,34,4,'2024-04-29',1,2),(63,112,34,4,'2024-04-29',2,2),(64,113,34,4,'2024-04-29',1,2),(65,114,34,4,'2024-04-29',1,2),(66,115,34,4,'2024-04-29',2,2),(67,116,34,4,'2024-04-29',2,2),(68,117,34,4,'2024-04-29',2,2),(69,118,34,4,'2024-04-29',1,2),(70,119,34,4,'2024-04-29',2,2),(71,120,34,4,'2024-04-29',1,2),(72,121,34,4,'2024-04-29',2,2),(73,122,34,4,'2024-04-29',2,2),(74,105,34,4,'2024-04-30',2,1),(75,106,34,4,'2024-04-30',1,1),(76,107,34,4,'2024-04-30',2,1),(77,108,34,4,'2024-04-30',1,1),(78,109,34,4,'2024-04-30',1,1),(79,110,34,4,'2024-04-30',2,1),(80,111,34,4,'2024-04-30',0,1),(81,112,34,4,'2024-04-30',2,1),(82,113,34,4,'2024-04-30',0,1),(83,114,34,4,'2024-04-30',2,1),(84,115,34,4,'2024-04-30',1,1),(85,116,34,4,'2024-04-30',2,1),(86,117,34,4,'2024-04-30',2,1),(87,118,34,4,'2024-04-30',2,1),(88,119,34,4,'2024-04-30',2,1),(89,120,34,4,'2024-04-30',1,1),(90,121,34,4,'2024-04-30',2,1),(91,122,34,4,'2024-04-30',1,1),(92,93,119,3,'2024-05-02',2,2),(93,94,119,3,'2024-05-02',1,2),(94,95,119,3,'2024-05-02',2,2),(95,96,119,3,'2024-05-02',0,2),(96,97,119,3,'2024-05-02',1,2),(97,99,119,3,'2024-05-02',0,2),(98,100,119,3,'2024-05-02',0,2),(99,101,119,3,'2024-05-02',1,2),(100,102,119,3,'2024-05-02',2,2),(101,103,119,3,'2024-05-02',0,2),(102,104,119,3,'2024-05-02',2,2),(103,140,34,3,'2024-05-07',1,2),(104,141,34,3,'2024-05-07',2,2),(105,142,34,3,'2024-05-07',2,2),(106,143,34,3,'2024-05-07',0,2),(107,144,34,3,'2024-05-07',0,2),(108,145,34,3,'2024-05-07',2,2),(109,146,34,3,'2024-05-07',0,2),(110,147,34,3,'2024-05-07',1,2),(111,148,34,3,'2024-05-07',0,2),(112,149,34,3,'2024-05-07',1,2),(113,150,34,3,'2024-05-07',2,2),(114,151,34,3,'2024-05-07',1,2),(115,152,34,3,'2024-05-07',0,2),(116,153,34,3,'2024-05-07',2,2),(117,154,34,3,'2024-05-07',0,2),(118,155,34,3,'2024-05-07',0,2),(119,156,34,3,'2024-05-07',2,2),(120,157,34,3,'2024-05-07',0,2),(121,158,34,3,'2024-05-07',1,2),(122,159,34,3,'2024-05-07',0,2),(123,160,34,3,'2024-05-07',2,2),(124,161,34,3,'2024-05-07',0,2),(125,162,34,3,'2024-05-07',2,2),(126,163,34,3,'2024-05-07',1,2),(127,164,34,3,'2024-05-07',0,2),(128,165,34,3,'2024-05-07',1,2),(129,166,34,3,'2024-05-07',1,2),(130,167,34,3,'2024-05-07',1,2),(131,168,34,3,'2024-05-07',0,2),(132,169,34,3,'2024-05-07',1,2),(133,170,34,3,'2024-05-07',0,2),(134,171,34,3,'2024-05-07',0,2),(135,172,34,3,'2024-05-07',0,2),(136,140,23,3,'2023-09-12',1,2),(137,141,23,3,'2023-09-12',1,2),(138,142,23,3,'2023-09-12',2,2),(139,143,23,3,'2023-09-12',2,2),(140,144,23,3,'2023-09-12',0,2),(141,145,23,3,'2023-09-12',0,2),(142,146,23,3,'2023-09-12',0,2),(143,147,23,3,'2023-09-12',1,2),(144,148,23,3,'2023-09-12',1,2),(145,149,23,3,'2023-09-12',0,2),(146,150,23,3,'2023-09-12',2,2),(147,151,23,3,'2023-09-12',0,2),(148,152,23,3,'2023-09-12',1,2),(149,153,23,3,'2023-09-12',0,2),(150,154,23,3,'2023-09-12',0,2),(151,155,23,3,'2023-09-12',0,2),(152,156,23,3,'2023-09-12',2,2),(153,157,23,3,'2023-09-12',0,2),(154,158,23,3,'2023-09-12',1,2),(155,159,23,3,'2023-09-12',0,2),(156,160,23,3,'2023-09-12',1,2),(157,161,23,3,'2023-09-12',0,2),(158,162,23,3,'2023-09-12',0,2),(159,163,23,3,'2023-09-12',1,2),(160,164,23,3,'2023-09-12',2,2),(161,165,23,3,'2023-09-12',0,2),(162,166,23,3,'2023-09-12',0,2),(163,167,23,3,'2023-09-12',2,2),(164,168,23,3,'2023-09-12',0,2),(165,169,23,3,'2023-09-12',1,2),(166,170,23,3,'2023-09-12',0,2),(167,171,23,3,'2023-09-12',0,2),(168,172,23,3,'2023-09-12',0,2);
/*!40000 ALTER TABLE `attandance`.`attandance` ENABLE KEYS */;
UNLOCK TABLES;


-- -----------------------------------------------------
-- Table `attandance`.`terms`
-- -----------------------------------------------------
DROP TABLE IF EXISTS `attandance`.`terms` ;

CREATE TABLE IF NOT EXISTS `attandance`.`terms` (
  `TermID` INT NOT NULL AUTO_INCREMENT,
  `Terms` INT NOT NULL,
  PRIMARY KEY (`TermID`))
ENGINE = InnoDB
AUTO_INCREMENT = 9
DEFAULT CHARACTER SET = utf8mb3;

--
-- Dumping data for table `terms`
--

LOCK TABLES `attandance`.`terms` WRITE;
/*!40000 ALTER TABLE `attandance`.`terms` DISABLE KEYS */;
INSERT INTO `attandance`.`terms` VALUES (1,1),(2,2),(3,3),(4,4),(5,5),(6,6),(7,7),(8,8);
/*!40000 ALTER TABLE `attandance`.`terms` ENABLE KEYS */;
UNLOCK TABLES;


-- -----------------------------------------------------
-- Table `attandance`.`disciplinedirections`
-- -----------------------------------------------------
DROP TABLE IF EXISTS `attandance`.`disciplinedirections` ;

CREATE TABLE IF NOT EXISTS `attandance`.`disciplinedirections` (
  `DiscDirectionID` INT NOT NULL AUTO_INCREMENT,
  `DirectionID` INT NOT NULL,
  `TermID` INT NOT NULL,
  `DisciplineID` INT NOT NULL,
  PRIMARY KEY (`DiscDirectionID`),
  INDEX `DirectionID` (`DirectionID` ASC) VISIBLE,
  INDEX `TermID` (`TermID` ASC) VISIBLE,
  INDEX `DisciplineID` (`DisciplineID` ASC) VISIBLE,
  CONSTRAINT `disciplinedirections_ibfk_1`
    FOREIGN KEY (`DirectionID`)
    REFERENCES `attandance`.`directions` (`DirectionID`),
  CONSTRAINT `disciplinedirections_ibfk_2`
    FOREIGN KEY (`TermID`)
    REFERENCES `attandance`.`terms` (`TermID`),
  CONSTRAINT `disciplinedirections_ibfk_3`
    FOREIGN KEY (`DisciplineID`)
    REFERENCES `attandance`.`disciplines` (`DisciplineID`))
ENGINE = InnoDB
AUTO_INCREMENT = 423
DEFAULT CHARACTER SET = utf8mb3;

--
-- Dumping data for table `disciplinedirections`
--

LOCK TABLES `attandance`.`disciplinedirections` WRITE;
/*!40000 ALTER TABLE `attandance`.`disciplinedirections` DISABLE KEYS */;
INSERT INTO `attandance`.`disciplinedirections` VALUES (1,2,8,50),(2,2,8,52),(3,1,1,53),(4,1,1,3),(5,1,1,10),(6,1,1,54),(7,1,1,55),(8,1,1,56),(9,1,1,57),(10,1,1,9),(11,1,1,151),(12,1,1,8),(13,1,2,54),(14,1,2,58),(15,1,2,17),(16,1,2,29),(17,1,2,11),(18,1,2,14),(19,1,2,3),(20,1,2,55),(21,1,2,151),(22,1,2,13),(23,1,3,22),(24,1,3,3),(25,1,3,55),(26,1,3,59),(27,1,3,151),(28,1,3,21),(29,1,3,60),(30,1,3,11),(31,1,3,61),(32,1,3,23),(33,1,4,23),(34,1,4,30),(35,1,4,3),(36,1,4,62),(37,1,4,151),(38,1,4,63),(39,1,4,64),(40,1,4,26),(41,1,4,60),(42,1,4,4),(43,1,4,61),(44,1,5,65),(45,1,5,66),(46,1,5,60),(47,1,5,67),(48,1,5,68),(49,1,5,151),(50,1,5,34),(51,1,5,69),(52,1,5,4),(53,1,5,70),(54,1,6,151),(55,1,6,71),(56,1,6,41),(57,1,6,72),(58,1,6,73),(59,1,6,74),(60,1,6,19),(61,1,6,42),(62,1,7,75),(63,1,7,76),(64,1,7,43),(65,1,7,77),(66,1,7,52),(67,1,7,78),(68,1,7,151),(69,1,7,79),(70,1,7,80),(71,1,8,81),(72,1,8,80),(73,1,8,82),(74,1,8,83),(75,1,8,84),(76,2,7,51),(77,2,7,44),(78,2,7,45),(79,2,7,46),(80,2,7,47),(81,2,7,48),(82,2,7,49),(84,2,7,50),(85,2,6,42),(86,2,6,43),(87,2,6,39),(88,2,6,33),(89,2,6,40),(90,2,6,41),(92,2,5,38),(93,2,5,31),(95,2,5,32),(96,2,5,33),(97,2,5,34),(98,2,5,35),(99,2,5,36),(100,2,5,37),(101,2,4,30),(103,2,4,152),(104,2,4,25),(105,2,4,26),(106,2,4,23),(107,2,4,3),(108,2,4,28),(109,2,4,29),(110,2,3,23),(111,2,3,11),(112,2,3,18),(113,2,3,3),(114,2,3,19),(115,2,3,5),(116,2,3,20),(117,2,3,21),(119,2,3,22),(120,2,2,5),(121,2,2,17),(122,2,2,11),(123,2,2,12),(124,2,2,13),(125,2,2,14),(127,2,2,3),(128,2,2,142),(129,2,1,10),(131,2,1,153),(132,2,1,3),(133,2,1,4),(134,2,1,5),(135,2,1,6),(136,2,1,7),(137,2,1,8),(138,2,1,9),(139,3,1,53),(140,3,1,3),(141,3,1,10),(142,3,1,54),(143,3,1,55),(144,3,1,56),(145,3,1,57),(146,3,1,9),(147,3,1,151),(148,3,1,8),(149,3,2,13),(150,3,2,85),(151,3,2,17),(152,3,2,14),(153,3,2,11),(154,3,2,151),(155,3,2,3),(156,3,2,86),(157,3,2,54),(158,3,2,55),(159,3,3,22),(160,3,3,55),(161,3,3,151),(162,3,3,21),(163,3,3,87),(164,3,3,11),(165,3,3,23),(166,3,3,60),(167,3,3,61),(168,3,3,3),(169,3,4,3),(170,3,4,61),(171,3,4,151),(172,3,4,30),(173,3,4,88),(174,3,4,63),(175,3,4,89),(176,3,4,4),(177,3,4,64),(178,3,4,23),(179,3,4,60),(180,3,5,90),(181,3,5,67),(182,3,5,68),(183,3,5,151),(184,3,5,34),(185,3,5,91),(186,3,5,4),(187,3,5,65),(188,3,5,92),(189,3,5,60),(190,3,6,41),(191,3,6,72),(192,3,6,73),(193,3,6,74),(194,3,6,19),(195,3,6,42),(196,3,6,151),(197,3,6,71),(198,3,7,43),(199,3,7,77),(200,3,7,52),(201,3,7,93),(202,3,7,78),(203,3,7,151),(204,3,7,94),(205,3,7,95),(206,3,7,76),(207,3,8,96),(208,3,8,82),(209,3,8,83),(210,3,8,93),(211,4,1,9),(212,4,1,97),(213,4,1,69),(214,4,1,7),(215,4,1,10),(216,4,1,5),(217,4,1,30),(218,4,1,3),(219,4,1,98),(220,4,1,151),(221,4,2,99),(222,4,2,100),(223,4,2,101),(224,4,2,11),(225,4,2,151),(226,4,2,5),(227,4,2,98),(228,4,2,3),(229,4,2,13),(230,4,2,102),(231,4,3,21),(232,4,3,151),(233,4,3,103),(234,4,3,52),(235,4,3,11),(236,4,3,104),(237,4,3,5),(238,4,3,105),(239,4,3,3),(240,4,3,106),(241,4,4,26),(242,4,4,107),(243,4,4,108),(244,4,4,104),(245,4,4,151),(246,4,4,109),(247,4,4,110),(248,4,4,5),(249,4,4,34),(250,4,4,3),(251,4,5,111),(252,4,5,108),(253,4,5,109),(254,4,5,151),(255,4,5,112),(256,4,5,113),(257,4,5,20),(258,4,5,114),(259,4,5,115),(260,4,5,116),(261,4,6,115),(262,4,6,117),(263,4,6,118),(264,4,6,151),(265,4,6,119),(266,4,6,120),(267,4,6,111),(268,4,6,121),(269,4,6,122),(270,4,7,123),(271,4,7,124),(272,4,7,122),(273,4,7,125),(274,4,7,126),(275,4,7,127),(276,4,7,151),(277,4,7,8),(278,4,7,128),(279,4,7,129),(280,4,7,119),(281,4,8,130),(282,4,8,131),(283,4,8,132),(284,4,8,124),(285,4,8,126),(286,8,1,56),(287,8,1,17),(288,8,1,8),(289,8,1,5),(290,8,1,99),(291,8,1,3),(292,8,1,10),(293,8,1,98),(294,8,1,151),(295,8,1,9),(296,8,2,9),(297,8,2,14),(298,8,2,11),(299,8,2,133),(300,8,2,5),(301,8,2,98),(302,8,2,3),(303,8,2,13),(304,8,2,151),(305,8,2,102),(306,8,3,30),(307,8,3,11),(308,8,3,104),(309,8,3,5),(310,8,3,105),(311,8,3,3),(312,8,3,106),(313,8,3,151),(314,8,3,21),(315,8,3,52),(316,5,1,3),(317,5,1,56),(318,5,1,8),(319,5,1,5),(320,5,1,10),(321,5,1,98),(322,5,1,134),(323,5,1,151),(324,5,1,9),(325,5,1,133),(326,5,2,5),(327,5,2,98),(328,5,2,135),(329,5,2,3),(330,5,2,13),(331,5,2,102),(332,5,2,12),(333,5,2,17),(334,5,2,14),(335,5,2,11),(336,5,2,151),(337,5,3,22),(338,5,3,11),(339,5,3,21),(340,5,3,5),(341,5,3,28),(342,5,3,23),(343,5,3,3),(344,5,3,136),(345,5,3,151),(346,5,4,4),(347,5,4,152),(348,5,4,3),(349,5,4,137),(350,5,4,30),(351,5,4,108),(352,5,4,19),(353,5,4,109),(354,5,4,151),(355,6,1,3),(356,6,1,56),(357,6,1,8),(358,6,1,5),(359,6,1,10),(360,6,1,138),(361,6,1,139),(362,6,1,58),(363,6,1,151),(364,6,1,9),(365,6,1,17),(366,6,2,5),(367,6,2,58),(368,6,2,3),(369,6,2,140),(370,6,2,102),(371,6,2,141),(372,6,2,14),(373,6,2,11),(374,6,2,151),(375,7,1,56),(376,7,1,6),(377,7,1,5),(378,7,1,53),(379,7,1,3),(380,7,1,139),(381,7,1,10),(382,7,1,54),(383,7,1,9),(384,7,1,151),(385,7,1,8),(386,7,2,54),(387,7,2,17),(388,7,2,30),(389,7,2,11),(390,7,2,14),(391,7,2,3),(392,7,2,5),(393,7,2,151),(394,7,2,140),(395,7,2,142),(397,2,1,140),(398,2,1,56),(399,2,1,53),(400,2,1,54),(401,2,1,139),(402,2,1,151),(403,2,2,10),(404,2,2,30),(405,2,2,54),(406,2,2,142),(407,2,2,151),(408,2,3,138),(409,2,3,4),(410,2,3,151),(411,2,4,21),(412,2,4,152),(413,2,4,153),(414,2,4,151),(415,2,5,151),(416,2,6,151),(417,2,6,146),(418,2,7,151),(419,2,7,154),(420,2,7,148),(421,2,8,149),(422,2,8,150);
/*!40000 ALTER TABLE `attandance`.`disciplinedirections` ENABLE KEYS */;
UNLOCK TABLES;

-- -----------------------------------------------------
-- Table `attandance`.`users`
-- -----------------------------------------------------
DROP TABLE IF EXISTS `attandance`.`users` ;

CREATE TABLE IF NOT EXISTS `attandance`.`users` (
  `UserID` INT NOT NULL AUTO_INCREMENT,
  `Username` VARCHAR(45) NOT NULL,
  `Password` VARCHAR(255) NOT NULL,
  `Key` VARCHAR(45) NOT NULL,
  PRIMARY KEY (`UserID`))
ENGINE = InnoDB
AUTO_INCREMENT = 47
DEFAULT CHARACTER SET = utf8mb4
COLLATE = utf8mb4_0900_ai_ci;

LOCK TABLES `attandance`.`users` WRITE;
/*!40000 ALTER TABLE `attandance`.`users` DISABLE KEYS */;
INSERT INTO `attandance`.`users` VALUES (1,'vita','$2y$10$jD2BI8m67AJoYc7RXQ7qkeoDM1bbFqLP2EE/QP1NOS2jX7MmEXm/6','S'),(2,'prepod','$2y$10$Tir6A57tZiPXtFuLacGt7ucARRcIIBfELGfNYMpz/RITfWIPcEare','P'),(3,'dekanat','$2y$10$V8.9kZEZQjJp4h1V.b2qg.9TuG49K16hnM1Us5i1rpTaaVdCiqp.q','D'),(33,'nikolajboldin1@gmail.com','$2y$10$RCuO4Fle6v379ukWECkbwecEodQE5v6.oqHxshr20BJVGS4w4sCBO','S'),(34,'daniil_akimov_2002@mail.ru','$2y$10$ZzWORTebswulEwAcxtrAcuEc/LAN4UoBhI4WfZ1./mZxLqQjuwu8G','S'),(35,'dsuhoverikov@gmail.com','$2y$10$P9zKvNsf4daPc0YvAEC7r.OVq24vXOjeACj3EyJvqmQviEpBzEIue','S'),(36,'bykova_vita@mail.ru','$2y$10$GrLEr2RK/H6mhSX7Gstoc.oBCN1NevkTK7Tpg6NvArQZG7WFZSh3C','S'),(37,'randomlordofdoors@gmail.com','$2y$10$LBbyfHnSC65De0od49YQkeI29aUGKJT96sLtWST5WqMWRJBC9b/Vm','S'),(38,'shabalkinaaaaaa@gmail.com','$2y$10$HfRuII8G.GGTC2kcM557ZOHONB9y2RKLut1E/pgIHeV6lxOYhXS7y','S'),(39,'george.malygin@gmail.com','$2y$10$Z3YrsqV6b2CJEkzTWRSPO.7KA/nZRZK1V1H5bQLxehHTNrEEEJ6Ka','S'),(40,'l-lesnykh@list.ru','$2y$10$ki6MS2HwpA.Z69Su9RWBx.frWv471REknZFP2B0AdlsTcDVzgn6cS','S'),(41,'nastya2004s@gmail.com','$2y$10$frG/9fNJFCtsUFxa/Wk5FOQ8KqaBImBd9uNEpdeLwddg0B5Z.oj6y','S'),(42,'arkados175@gmail.com','$2y$10$W9eZsp/sYPBYvv9hkdeK6O/IfTllcRIq/9XCzVWUUckz6..BV2WNK','S'),(43,'ks_s2000@gmail.com','$2y$10$AiQpgblwvwUSjbPqsbkPDuTGn.IzDtSL0yHpOYAX7EPx4pvM/jvD2','S'),(44,'amusaev@technolog.edu.ru','$2y$10$3AVxnBV5PRdZjgBo8NJ1peTuBKiP93D9EKPSeL18eAk8TiQ8HJieS','P'),(45,'chumakov@sa.lti-gti.ru','$2y$10$hXYqRiQjs23cTqbhHzpjsOz48zlhpgm9mpdExPZx.oMlGa9Lt7a9K','P'),(46,'Nafany.nfny@yandex.ru','$2y$10$gI83WyWgAejnfE2FOAhWIe/J48ULJIFg0KscrYeoTBPDm6F5PtO9q','S');
/*!40000 ALTER TABLE `attandance`.`users` ENABLE KEYS */;
UNLOCK TABLES;
/*!40103 SET TIME_ZONE=@OLD_TIME_ZONE */;

-- -----------------------------------------------------
-- Table `attandance`.`teachers`
-- -----------------------------------------------------
DROP TABLE IF EXISTS `attandance`.`teachers` ;

CREATE TABLE IF NOT EXISTS `attandance`.`teachers` (
  `TeacherID` INT NOT NULL AUTO_INCREMENT,
  `FIO` VARCHAR(100) NOT NULL,
  `UserID` INT NOT NULL,
  `E-mail` VARCHAR(100) NULL DEFAULT NULL,
  PRIMARY KEY (`TeacherID`),
  INDEX `UserID` (`UserID` ASC) VISIBLE,
  CONSTRAINT `teachers_ibfk_1`
    FOREIGN KEY (`UserID`)
    REFERENCES `attandance`.`users` (`UserID`))
ENGINE = InnoDB
AUTO_INCREMENT = 3
DEFAULT CHARACTER SET = utf8mb3;

--
-- Dumping data for table `teachers`
--

LOCK TABLES `attandance`.`teachers` WRITE;
/*!40000 ALTER TABLE `attandance`.`teachers` DISABLE KEYS */;
INSERT INTO `attandance`.`teachers` VALUES (1,'Мусаев Александр Азерович',44,'amusaev@technolog.edu.ru'),(2,'Чумаков Сергей Иванович',45,'chumakov@sa.lti-gti.ru');
/*!40000 ALTER TABLE `attandance`.`teachers` ENABLE KEYS */;
UNLOCK TABLES;

-- -----------------------------------------------------
-- Table `attandance`.`discgroupteacher`
-- -----------------------------------------------------
DROP TABLE IF EXISTS `attandance`.`discgroupteacher` ;

CREATE TABLE IF NOT EXISTS `attandance`.`discgroupteacher` (
  `DgtID` INT NOT NULL AUTO_INCREMENT,
  `DiscDirectionID` INT NOT NULL,
  `GroupID` INT NOT NULL,
  `TeacherID` INT NOT NULL,
  PRIMARY KEY (`DgtID`),
  INDEX `DiscDirectionID` (`DiscDirectionID` ASC) VISIBLE,
  INDEX `GroupID` (`GroupID` ASC) VISIBLE,
  INDEX `TeacherID` (`TeacherID` ASC) VISIBLE,
  CONSTRAINT `discgroupteacher_ibfk_1`
    FOREIGN KEY (`DiscDirectionID`)
    REFERENCES `attandance`.`disciplinedirections` (`DiscDirectionID`),
  CONSTRAINT `discgroupteacher_ibfk_2`
    FOREIGN KEY (`GroupID`)
    REFERENCES `attandance`.`groups` (`GroupID`),
  CONSTRAINT `discgroupteacher_ibfk_3`
    FOREIGN KEY (`TeacherID`)
    REFERENCES `attandance`.`teachers` (`TeacherID`))
ENGINE = InnoDB
AUTO_INCREMENT = 8
DEFAULT CHARACTER SET = utf8mb3;

--
-- Dumping data for table `discgroupteacher`
--

LOCK TABLES `attandance`.`discgroupteacher` WRITE;
/*!40000 ALTER TABLE `attandance`.`discgroupteacher` DISABLE KEYS */;
INSERT INTO `attandance`.`discgroupteacher` VALUES (1,105,5,2),(2,97,5,2),(3,184,4,2),(4,50,7,2),(5,97,9,2);
/*!40000 ALTER TABLE `attandance`.`discgroupteacher` ENABLE KEYS */;
UNLOCK TABLES;

-- -----------------------------------------------------
-- Table `attandance`.`rating`
-- -----------------------------------------------------
DROP TABLE IF EXISTS `attandance`.`rating` ;

CREATE TABLE IF NOT EXISTS `attandance`.`rating` (
  `RatingID` INT NOT NULL AUTO_INCREMENT,
  `StudentID` INT NOT NULL,
  `DgtID` INT NOT NULL,
  `Value` DECIMAL(5,2) NULL DEFAULT NULL,
  `Date` DATE NOT NULL,
  `ClassID` INT NOT NULL,
  `TypeID` INT NOT NULL DEFAULT '1',
  PRIMARY KEY (`RatingID`),
  INDEX `StudentID` (`StudentID` ASC) VISIBLE,
  INDEX `DgtID` (`DgtID` ASC) VISIBLE,
  INDEX `ClassID` (`ClassID` ASC) VISIBLE,
  INDEX `rating_ibfk_4` (`TypeID` ASC) VISIBLE,
  CONSTRAINT `rating_ibfk_1`
    FOREIGN KEY (`StudentID`)
    REFERENCES `attandance`.`students` (`StudentID`),
  CONSTRAINT `rating_ibfk_2`
    FOREIGN KEY (`DgtID`)
    REFERENCES `attandance`.`discgroupteacher` (`DgtID`),
  CONSTRAINT `rating_ibfk_3`
    FOREIGN KEY (`ClassID`)
    REFERENCES `attandance`.`classes` (`ClassID`),
  CONSTRAINT `rating_ibfk_4`
    FOREIGN KEY (`TypeID`)
    REFERENCES `attandance`.`classtypes` (`TypeID`))
ENGINE = InnoDB
AUTO_INCREMENT = 184
DEFAULT CHARACTER SET = utf8mb3;

--
-- Dumping data for table `rating`
--

LOCK TABLES `attandance`.`rating` WRITE;
/*!40000 ALTER TABLE `attandance`.`rating` DISABLE KEYS */;
INSERT INTO `attandance`.`rating` VALUES (1,46,1,1.00,'2024-05-01',3,1),(2,47,1,3.00,'2024-05-01',3,1),(3,48,1,2.00,'2024-05-01',3,1),(4,49,1,1.00,'2024-05-01',3,1),(5,50,1,3.00,'2024-05-01',3,1),(6,51,1,3.00,'2024-05-01',3,1),(7,52,1,2.00,'2024-05-01',3,1),(8,53,1,2.00,'2024-05-01',3,1),(9,54,1,2.00,'2024-05-01',3,1),(10,55,1,4.00,'2024-05-01',3,1),(11,56,1,1.00,'2024-05-01',3,1),(12,57,1,2.00,'2024-05-01',3,1),(13,58,1,2.00,'2024-05-01',3,1),(14,59,1,1.00,'2024-05-01',3,1),(15,60,1,6.00,'2024-05-01',3,1),(16,61,1,5.00,'2024-05-01',3,1),(17,62,1,2.00,'2024-05-01',3,1),(18,63,1,3.00,'2024-05-01',3,1),(19,64,1,5.00,'2024-05-01',3,1),(20,65,1,2.00,'2024-05-01',3,1),(21,66,1,2.00,'2024-05-01',3,1),(22,67,1,0.00,'2024-05-01',3,1),(23,68,1,3.00,'2024-05-01',3,1),(24,46,1,3.00,'2024-04-26',4,1),(25,47,1,10.00,'2024-04-26',4,1),(26,48,1,5.00,'2024-04-26',4,1),(27,49,1,11.00,'2024-04-26',4,1),(28,50,1,4.00,'2024-04-26',4,1),(29,51,1,-1.00,'2024-04-26',4,1),(30,52,1,2.00,'2024-04-26',4,1),(31,53,1,5.00,'2024-04-26',4,1),(32,54,1,16.00,'2024-04-26',4,1),(33,55,1,13.00,'2024-04-26',4,1),(34,56,1,20.00,'2024-04-26',4,1),(35,57,1,10.00,'2024-04-26',4,1),(36,58,1,8.00,'2024-04-26',4,1),(37,59,1,9.00,'2024-04-26',4,1),(38,60,1,4.00,'2024-04-26',4,1),(39,61,1,1.00,'2024-04-26',4,1),(40,62,1,6.00,'2024-04-26',4,1),(41,63,1,-1.00,'2024-04-26',4,1),(42,64,1,8.00,'2024-04-26',4,1),(43,65,1,4.00,'2024-04-26',4,1),(44,66,1,8.00,'2024-04-26',4,1),(45,67,1,2.00,'2024-04-26',4,1),(46,68,1,10.00,'2024-04-26',4,1),(47,46,2,12.00,'2024-04-26',4,1),(48,47,2,5.00,'2024-04-26',4,1),(49,48,2,14.00,'2024-04-26',4,1),(50,49,2,6.00,'2024-04-26',4,1),(51,50,2,15.00,'2024-04-26',4,1),(52,51,2,8.00,'2024-04-26',4,1),(53,52,2,-1.00,'2024-04-26',4,1),(54,53,2,1.00,'2024-04-26',4,1),(55,54,2,-1.00,'2024-04-26',4,1),(56,55,2,7.00,'2024-04-26',4,1),(57,56,2,2.00,'2024-04-26',4,1),(58,57,2,3.00,'2024-04-26',4,1),(59,58,2,2.00,'2024-04-26',4,1),(60,59,2,6.00,'2024-04-26',4,1),(61,60,2,11.00,'2024-04-26',4,1),(62,61,2,5.00,'2024-04-26',4,1),(63,62,2,3.00,'2024-04-26',4,1),(64,63,2,9.00,'2024-04-26',4,1),(65,64,2,3.00,'2024-04-26',4,1),(66,65,2,10.00,'2024-04-26',4,1),(67,66,2,12.00,'2024-04-26',4,1),(68,67,2,3.00,'2024-04-26',4,1),(69,68,2,4.00,'2024-04-26',4,1),(70,37,3,7.00,'2024-05-01',3,1),(71,38,3,4.00,'2024-05-01',3,1),(72,39,3,8.00,'2024-05-01',3,1),(73,40,3,1.00,'2024-05-01',3,1),(74,41,3,10.00,'2024-05-01',3,1),(75,42,3,9.00,'2024-05-01',3,1),(76,43,3,1.00,'2024-05-01',3,1),(77,44,3,9.00,'2024-05-01',3,1),(78,45,3,11.00,'2024-05-01',3,1),(79,105,4,10.00,'2024-05-01',2,1),(80,106,4,6.00,'2024-05-01',2,1),(81,107,4,3.00,'2024-05-01',2,1),(82,108,4,2.00,'2024-05-01',2,1),(83,109,4,6.00,'2024-05-01',2,1),(84,110,4,10.00,'2024-05-01',2,1),(85,111,4,9.00,'2024-05-01',2,1),(86,112,4,5.00,'2024-05-01',2,1),(87,113,4,3.00,'2024-05-01',2,1),(88,114,4,3.00,'2024-05-01',2,1),(89,115,4,4.00,'2024-05-01',2,1),(90,116,4,6.00,'2024-05-01',2,1),(91,117,4,10.00,'2024-05-01',2,1),(92,118,4,7.00,'2024-05-01',2,1),(93,119,4,8.00,'2024-05-01',2,1),(94,120,4,3.00,'2024-05-01',2,1),(95,121,4,6.00,'2024-05-01',2,1),(96,122,4,8.00,'2024-05-01',2,1),(97,140,5,2.00,'2024-05-01',2,1),(98,141,5,5.00,'2024-05-01',2,1),(99,142,5,4.00,'2024-05-01',2,1),(100,143,5,-1.00,'2024-05-01',2,1),(101,144,5,6.00,'2024-05-01',2,1),(102,145,5,6.00,'2024-05-01',2,1),(103,146,5,5.00,'2024-05-01',2,1),(104,147,5,11.00,'2024-05-01',2,1),(105,148,5,5.00,'2024-05-01',2,1),(106,149,5,11.00,'2024-05-01',2,1),(107,150,5,2.00,'2024-05-01',2,1),(108,151,5,4.00,'2024-05-01',2,1),(109,152,5,4.00,'2024-05-01',2,1),(110,153,5,5.00,'2024-05-01',2,1),(111,154,5,10.00,'2024-05-01',2,1),(112,155,5,6.00,'2024-05-01',2,1),(113,156,5,-1.00,'2024-05-01',2,1),(114,157,5,5.00,'2024-05-01',2,1),(115,158,5,1.00,'2024-05-01',2,1),(116,159,5,4.00,'2024-05-01',2,1),(117,160,5,8.00,'2024-05-01',2,1),(118,161,5,12.00,'2024-05-01',2,1),(119,162,5,6.00,'2024-05-01',2,1),(120,163,5,7.00,'2024-05-01',2,1),(121,164,5,4.00,'2024-05-01',2,1),(122,165,5,6.00,'2024-05-01',2,1),(123,166,5,14.00,'2024-05-01',2,1),(124,167,5,5.00,'2024-05-01',2,1),(125,168,5,7.00,'2024-05-01',2,1),(126,169,5,5.00,'2024-05-01',2,1),(127,170,5,7.00,'2024-05-01',2,1),(128,171,5,1.00,'2024-05-01',2,1),(129,172,5,4.00,'2024-05-01',2,1),(130,105,4,5.00,'2024-04-27',1,2),(131,106,4,1.00,'2024-04-27',1,2),(132,107,4,1.00,'2024-04-27',1,2),(133,108,4,8.00,'2024-04-27',1,2),(134,109,4,2.00,'2024-04-27',1,2),(135,110,4,5.00,'2024-04-27',1,2),(136,111,4,6.00,'2024-04-27',1,2),(137,112,4,1.00,'2024-04-27',1,2),(138,113,4,2.00,'2024-04-27',1,2),(139,114,4,2.00,'2024-04-27',1,2),(140,115,4,-1.00,'2024-04-27',1,2),(141,116,4,-1.00,'2024-04-27',1,2),(142,117,4,6.00,'2024-04-27',1,2),(143,118,4,5.00,'2024-04-27',1,2),(144,119,4,6.00,'2024-04-27',1,2),(145,120,4,9.00,'2024-04-27',1,2),(146,121,4,3.00,'2024-04-27',1,2),(147,122,4,8.00,'2024-04-27',1,2),(148,105,4,2.00,'2024-04-29',3,2),(149,106,4,3.00,'2024-04-29',3,2),(150,107,4,12.00,'2024-04-29',3,2),(151,108,4,5.00,'2024-04-29',3,2),(152,109,4,1.00,'2024-04-29',3,2),(153,110,4,3.00,'2024-04-29',3,2),(154,111,4,1.00,'2024-04-29',3,2),(155,112,4,10.00,'2024-04-29',3,2),(156,113,4,3.00,'2024-04-29',3,2),(157,114,4,-1.00,'2024-04-29',3,2),(158,115,4,7.00,'2024-04-29',3,2),(159,116,4,5.00,'2024-04-29',3,2),(160,117,4,4.00,'2024-04-29',3,2),(161,118,4,3.00,'2024-04-29',3,2),(162,119,4,7.00,'2024-04-29',3,2),(163,120,4,3.00,'2024-04-29',3,2),(164,121,4,2.00,'2024-04-29',3,2),(165,122,4,-1.00,'2024-04-29',3,2),(166,105,4,8.00,'2024-03-05',1,1),(167,106,4,1.00,'2024-03-05',1,1),(168,107,4,2.00,'2024-03-05',1,1),(169,108,4,2.00,'2024-03-05',1,1),(170,109,4,9.00,'2024-03-05',1,1),(171,110,4,5.00,'2024-03-05',1,1),(172,111,4,4.00,'2024-03-05',1,1),(173,112,4,7.00,'2024-03-05',1,1),(174,113,4,4.00,'2024-03-05',1,1),(175,114,4,2.00,'2024-03-05',1,1),(176,115,4,1.00,'2024-03-05',1,1),(177,116,4,2.00,'2024-03-05',1,1),(178,117,4,4.00,'2024-03-05',1,1),(179,118,4,-1.00,'2024-03-05',1,1),(180,119,4,6.00,'2024-03-05',1,1),(181,120,4,7.00,'2024-03-05',1,1),(182,121,4,2.00,'2024-03-05',1,1),(183,122,4,8.00,'2024-03-05',1,1);
/*!40000 ALTER TABLE `attandance`.`rating` ENABLE KEYS */;
UNLOCK TABLES;

SET SQL_MODE=@OLD_SQL_MODE;
SET FOREIGN_KEY_CHECKS=@OLD_FOREIGN_KEY_CHECKS;
SET UNIQUE_CHECKS=@OLD_UNIQUE_CHECKS;
